{"cameraMode":{"drawMode":0,"name":"Shaded","section":"Shading Mode"},"sceneLighting":true,"audioPlay":false,"sceneViewState":{"showFog":false,"showMaterialUpdate":false,"showSkybox":false,"showFlares":false,"showImageEffects":false,"showParticleSystems":false},"in2DMode":false,"pivot":{"x":7.6365838050842289,"y":15.682832717895508,"z":11.468735694885254},"rotation":{"x":-0.10173413157463074,"y":0.8898781538009644,"z":-0.3723697066307068,"w":-0.24312159419059754},"size":5.707395553588867,"orthographic":false}